employeeCountRange,name,websiteUrl
"{'code': 'I', 'name': '10001+'}",Telefónica,www.telefonica.com
"{'code': 'I', 'name': '10001+'}",Telefônica Brasil,www.telefonica.com.br
"{'code': 'H', 'name': '5001-10000'}",Telefónica Germany,https://jobs.telefonica.com/?locale=de_DE
"{'code': 'E', 'name': '201-500'}",Telefónica Educación Digital,www.telefonicaeducaciondigital.com
"{'code': 'F', 'name': '501-1000'}",Telefónica del Sur S.A.,www.telsur.cl
"{'code': 'D', 'name': '51-200'}",Telefonica On The Spot Services,http://www.onthespot.com
"{'code': 'I', 'name': '10001+'}",Telefónica Business Solutions Mx,http://www2.movistar.com.mx/empresas/
"{'code': 'E', 'name': '201-500'}",Telefônica Educação Digital Brasil,http://www.telefonicaeducaciondigital.com/
"{'code': 'D', 'name': '51-200'}",Telefónica NEXT,http://next.telefonica.de
"{'code': 'C', 'name': '11-50'}",Telefónica Educación Digital Peru,www.telefonicaeducaciondigital.com
"{'code': 'I', 'name': '10001+'}",O2 (Telefónica UK),http://www.o2.co.uk/
"{'code': 'C', 'name': '11-50'}",Telefónica Open Future Chile,www.openfuture.org
"{'code': 'B', 'name': '2-10'}",Telefónica Open Future - Wayra Colombia,https://www.openfuture.org/
"{'code': 'C', 'name': '11-50'}",11811 NUEVA INFORMACIÓN TELEFÓNICA,http://www.11811.es
"{'code': 'C', 'name': '11-50'}",Telefónica del Norte,http://www.telefonicadelnorte.cl
"{'code': 'C', 'name': '11-50'}",Anura Central Telefónica en la Nube,http://www.anura.com.ar?utm_source=LinkedIn
"{'code': 'B', 'name': '2-10'}",Telefonica SUD S.R.L.,
"{'code': 'E', 'name': '201-500'}",Fundación Telefónica,https://www.fundaciontelefonica.com/
"{'code': 'E', 'name': '201-500'}",Programa de Empleabilidad Joven de Fundación Telefónica,https://www.fundaciontelefonica.com/empleabilidad/
"{'code': 'H', 'name': '5001-10000'}",Atención Telefónica,www.atenciontelefonica.com.mx
"{'code': 'G', 'name': '1001-5000'}",CATSA (Centro de Asistencia Telefónica S.A.),http://www.cat.es/
"{'code': 'D', 'name': '51-200'}",La Telefonica s.r.l.,www.latelefonica.it
"{'code': 'D', 'name': '51-200'}",Fundación Telefónica México,http://www.fundaciontelefonica.com.mx/
"{'code': 'G', 'name': '1001-5000'}",Publicis,PublicisNA.com
"{'code': 'G', 'name': '1001-5000'}",CSG,csgi.com
"{'code': 'I', 'name': '10001+'}",GVT,http://www.telefonica.com.br
"{'code': 'H', 'name': '5001-10000'}",Banco Galicia,http://www.bancogalicia.com
"{'code': 'H', 'name': '5001-10000'}",O2 Czech Republic,www.o2.cz
"{'code': 'I', 'name': '10001+'}",Atento Brasil,www.atento.com.br
"{'code': 'I', 'name': '10001+'}",Millicom (Tigo),www.millicom.com
"{'code': 'I', 'name': '10001+'}",Regus,http://www.regus.com
"{'code': 'E', 'name': '201-500'}",Winche Redes Comerciales,www.winche.com
"{'code': 'A', 'name': 'myself only'}",Psicología telefónica,http://www.psicologiatelefonica.es
"{'code': 'F', 'name': '501-1000'}",O2 Slovakia,http://www.o2.sk/
"{'code': 'E', 'name': '201-500'}",Avertec - Franchise of O2 Telefonica UK,www.o2.co.uk
"{'code': 'I', 'name': '10001+'}",ONDA Telefónica,onda.telefonica.com
"{'code': 'G', 'name': '1001-5000'}",Grupo Inmark,http://www.grupoinmark.com
"{'code': 'B', 'name': '2-10'}",Seccion Telefonica US,http://www.secciontelefonicaus.com/
"{'code': 'A', 'name': 'myself only'}",Secretaria Web ®-Asistencia Virtual,http://www.secretariaweb.com
"{'code': 'F', 'name': '501-1000'}",Aquaservice - Viva Aqua Service Spain S.A.,www.aquaservice.com
"{'code': 'G', 'name': '1001-5000'}","PRISA TV, DTS, Sogecable",www.prisatv.es
"{'code': 'E', 'name': '201-500'}",Triodos Bank España,www.triodos.es
"{'code': 'E', 'name': '201-500'}",The Conference Board,http://www.conferenceboard.org
"{'code': 'C', 'name': '11-50'}",Fundación ANAR,www.anar.org
"{'code': 'D', 'name': '51-200'}",Wayra,http://www.wayra.co
"{'code': 'H', 'name': '5001-10000'}",SALESLAND,http://www.salesland.net/
"{'code': 'C', 'name': '11-50'}",Fundación Universidad-Empresa,www.fundacionuniversidadempresa.es
"{'code': 'C', 'name': '11-50'}",Alpha,http://www.alpha.company/
"{'code': 'C', 'name': '11-50'}","Pabx IP Planetfone Brasil - Ipbx, Pbx, Pbx IP Asterisk, Voip, Telefonia Ip, Central Telefônica Ip",http://www.planetfone.com.br
"{'code': 'C', 'name': '11-50'}",Cliquei Achei - Lista Telefônica Inteligente,www.cliqueiachei.com.br
"{'code': 'E', 'name': '201-500'}",Kodiak,https://kodiakptt.com
"{'code': 'G', 'name': '1001-5000'}",santalucia seguros,http://www.santalucia.es
"{'code': 'D', 'name': '51-200'}",ElevenPaths,https://www.elevenpaths.com
"{'code': 'I', 'name': '10001+'}",Arup España,www.arup.com
"{'code': 'E', 'name': '201-500'}",Openwave Mobility,http://www.owmobility.com
"{'code': 'E', 'name': '201-500'}",Gorilla Corporation,www.gorillaict.com
"{'code': 'H', 'name': '5001-10000'}",Grupo Digitex,http://www.grupodigitex.com
"{'code': 'F', 'name': '501-1000'}",Grupo PSN,www.psn.es
"{'code': 'E', 'name': '201-500'}",Arca.,www.arcatelecom.com
"{'code': 'E', 'name': '201-500'}",Guiatel S/A,www.guiatel.com.br
"{'code': 'E', 'name': '201-500'}",acens technologies,http://www.acens.com
"{'code': 'C', 'name': '11-50'}",SUMMA Branding,www.summa.es
"{'code': 'C', 'name': '11-50'}",Masscomm,http://www.masscomm.es
"{'code': 'G', 'name': '1001-5000'}",Viajes Iberia,www.viajesiberia.com
"{'code': 'D', 'name': '51-200'}",Fonetic,www.fonetic.com
"{'code': 'C', 'name': '11-50'}",TELEPROM | Friendly Contact Center Technology,http://www.teleprom.com/
"{'code': 'G', 'name': '1001-5000'}",MetroGAS,www.metrogas.com.ar
"{'code': 'C', 'name': '11-50'}",Enternships,www.enternships.com
"{'code': 'C', 'name': '11-50'}",TEAMLABS/,www.teamlabs.es
"{'code': 'G', 'name': '1001-5000'}",Banco Comafi,www.comafi.com.ar
"{'code': 'D', 'name': '51-200'}",Plain Concepts,http://www.plainconcepts.com
"{'code': 'E', 'name': '201-500'}",OSINERGMIN,www.osinergmin.gob.pe
"{'code': 'H', 'name': '5001-10000'}",Allianz Italia,http://www.allianz.it/
"{'code': 'H', 'name': '5001-10000'}",Garbarino S.A.,www.garbarino.com
"{'code': 'I', 'name': '10001+'}",Corporación Multi Inversiones,http://www.cmi.co
"{'code': 'F', 'name': '501-1000'}",Grupo SMS,http://www.sms-europa.com/
"{'code': 'G', 'name': '1001-5000'}",tgestiona Perú,http://bit.ly/1YrsLUR
"{'code': 'E', 'name': '201-500'}",PA DIGITAL,https://www.padigital.es
"{'code': 'C', 'name': '11-50'}","Mobile Financial Services, a Telefonica and Mastercard Joint Venture for Mobile Payments",www.tudineromovil.pe
"{'code': 'F', 'name': '501-1000'}",Accedo.tv,www.accedo.tv
"{'code': 'G', 'name': '1001-5000'}",Edenor,http://www.edenor.com
"{'code': 'F', 'name': '501-1000'}",Media Networks,http://medianetworks.net/
"{'code': 'D', 'name': '51-200'}",Publicis Singapore,www.publicis.com.sg
"{'code': 'E', 'name': '201-500'}",Galicia Seguros,www.galiciaseguros.com.ar
"{'code': 'D', 'name': '51-200'}",Synergic Partners,http://www.synergicpartners.com
"{'code': 'D', 'name': '51-200'}",Mondia Media Group,www.mondiamedia.com
"{'code': 'G', 'name': '1001-5000'}",TGestiona Brasil,www.tgestiona.com.br
"{'code': 'E', 'name': '201-500'}",Zeleris,www.zeleris.com
"{'code': 'F', 'name': '501-1000'}",Grupo Fava,www.favacard.com.ar
"{'code': 'C', 'name': '11-50'}",Trescom Comunicación,http://www.trescomcomunicacion.es
"{'code': 'D', 'name': '51-200'}",Titans Group,www.titansgroup.com.br
"{'code': 'C', 'name': '11-50'}",Gestão Telefônica e TI,topxnet.com.br
"{'code': 'F', 'name': '501-1000'}",VIVA Bolivia,http://www.viva.com.bo
"{'code': 'E', 'name': '201-500'}","Comet Global Consulting, a Merkle Company",www.cometgc.com
"{'code': 'E', 'name': '201-500'}",Telxius,telxius.com
"{'code': 'C', 'name': '11-50'}","DIXIT, Traducción e Interpretación",http://www.dixit.es/
"{'code': 'F', 'name': '501-1000'}",BCI Seguros,www.bciseguros.cl
"{'code': 'F', 'name': '501-1000'}",EPSA,www.celsia.com
"{'code': 'A', 'name': 'myself only'}",Gestion telefonica,http://www.gestiontelefonica.com/
"{'code': 'F', 'name': '501-1000'}",Metropolis Grupo,www.metropolisgrupo.com
"{'code': 'D', 'name': '51-200'}",Iptel - Internet + TV + Telefonía IP,http://www.iptel.com.ar
"{'code': 'D', 'name': '51-200'}",Forum for the Future,forumforthefuture.org
"{'code': 'C', 'name': '11-50'}",KeepCoding®,http://www.keepcoding.io/es
"{'code': 'D', 'name': '51-200'}",Lambie-Nairn,www.lambie-nairn.com
"{'code': 'G', 'name': '1001-5000'}",Brightstar UK,http://www.brightstar-2020.com/
"{'code': 'C', 'name': '11-50'}",Apiumhub,https://apiumhub.com/
"{'code': 'D', 'name': '51-200'}",Trazos,http://www.trazos.net
"{'code': 'C', 'name': '11-50'}","Clarive Software, Inc.",http://clarive.com
"{'code': 'E', 'name': '201-500'}",Externalia Outsourcing Comercial,http://www.externalia.es
"{'code': 'F', 'name': '501-1000'}",Red Link S.A.,www.redlink.com.ar
"{'code': 'F', 'name': '501-1000'}",Claro Honduras,http://www.claro.com.hn
"{'code': 'D', 'name': '51-200'}","Ancert, Agencia Notarial de Certificación",www.ancert.com
"{'code': 'E', 'name': '201-500'}",Páginas Amarillas,https://soluciones.paginasamarillas.es/
"{'code': 'D', 'name': '51-200'}",Raona,www.raona.com
"{'code': 'D', 'name': '51-200'}",Voxbone,https://www.voxbone.com/
"{'code': 'G', 'name': '1001-5000'}",Banco Santa Cruz RD,www.bsc.com.do
"{'code': 'B', 'name': '2-10'}",inKNOWation,www.inknowation.com
"{'code': 'D', 'name': '51-200'}",A Piece of Pie,www.piecepie.com
"{'code': 'B', 'name': '2-10'}",Revista infoRETAIL,www.revistainforetail.com
"{'code': 'D', 'name': '51-200'}",Ibertech TIC Services,www.ibertech.org
"{'code': 'C', 'name': '11-50'}",STUDIO BANANA,www.studiobanana.com
"{'code': 'D', 'name': '51-200'}",iThink,http://www.ithink.com.br
"{'code': 'D', 'name': '51-200'}",Digital Skills Academy,https://digitalskillsacademy.com
"{'code': 'C', 'name': '11-50'}",OPINATOR,http://www.opinator.com
"{'code': 'C', 'name': '11-50'}",Reimagine Food,www.reimagine-food.com
"{'code': 'E', 'name': '201-500'}",WIT Software,http://www.wit-software.com
"{'code': 'G', 'name': '1001-5000'}",Tigo Bolivia,http://www.tigo.com.bo/
"{'code': 'D', 'name': '51-200'}",Genetsis,http://www.genetsis.com
"{'code': 'C', 'name': '11-50'}",Mormedi,http://www.mormedi.com/
"{'code': 'D', 'name': '51-200'}",Brand Embassy,www.brandembassy.com
"{'code': 'C', 'name': '11-50'}","MindMeld, Inc",www.mindmeld.com
"{'code': 'D', 'name': '51-200'}",Green Park Content,www.greenparkcontent.com
"{'code': 'E', 'name': '201-500'}",TROX España,www.trox.es
"{'code': 'D', 'name': '51-200'}",Fidor Solutions,https://www.fidor.com
"{'code': 'E', 'name': '201-500'}",AirON Group,www.airongroup.net
"{'code': 'E', 'name': '201-500'}",Navita BR,http://www.navita.com.br
"{'code': 'D', 'name': '51-200'}",The Marketing Practice,themarketingpractice.com
"{'code': 'D', 'name': '51-200'}",masvoz,http://www.masvoz.es/
"{'code': 'F', 'name': '501-1000'}",Banco Finandina,www.bancofinandina.com
"{'code': 'A', 'name': 'myself only'}",Tea Time Studio,http://www.teatimestudio.com
"{'code': 'H', 'name': '5001-10000'}",Afore XXI Banorte,www.xxi-banorte.com
"{'code': 'F', 'name': '501-1000'}",ADB,http://www.adbglobal.com
"{'code': 'G', 'name': '1001-5000'}",RV Tecnologia e Sistemas S.A. ,www.rvtecnologia.com.br
"{'code': 'D', 'name': '51-200'}",Best Western Italia,www.bestwestern.it
"{'code': 'C', 'name': '11-50'}",Rumba° Digital Agency,www.rumba.com.br
"{'code': 'D', 'name': '51-200'}",Imparta,https://www.imparta.com
"{'code': 'D', 'name': '51-200'}",Grup Eina Digital S.L.,http://www.grupeina.com
"{'code': 'C', 'name': '11-50'}",Links Patrocinados,https://linkspatrocinados.pt
"{'code': 'E', 'name': '201-500'}",cVidya,www.cvidya.com
"{'code': 'F', 'name': '501-1000'}",United HR Coaching Solutions,http://www.unitedhr.co
"{'code': 'D', 'name': '51-200'}",Sumus Informatica e Com. Ltda,http://sumus.com.br
"{'code': 'D', 'name': '51-200'}",Asavie,http://www.asavie.com
"{'code': 'D', 'name': '51-200'}",GEPROST TELECOM,www.geprost-telecom.com
"{'code': 'D', 'name': '51-200'}",Rede Ponto Certo,www.redepontocerto.com.br
"{'code': 'E', 'name': '201-500'}",Maccorp Group,www.forexchange.it
"{'code': 'F', 'name': '501-1000'}",SinnerSchrader,http://sinnerschrader.com
"{'code': 'F', 'name': '501-1000'}",Small World Financial Services,http://www.smallworldfs.com
"{'code': 'C', 'name': '11-50'}",AGORA NEXT HUB & TELEFONICA OPEN FUTURE_(Baleares),http://agoranext.org/
"{'code': 'D', 'name': '51-200'}",AxisMed - Garantia em Saúde Populacional,www.axismed.com.br
"{'code': 'D', 'name': '51-200'}",IOS OFFICES,www.iosoffices.com
"{'code': 'D', 'name': '51-200'}",iconmobile group,www.iconmobile.com
"{'code': 'D', 'name': '51-200'}",Wirkle Inc.,www.locationlabs.com/
"{'code': 'B', 'name': '2-10'}",Corporate Excellence - Centre for Reputation Leadership,www.corporateexcellence.org
"{'code': 'C', 'name': '11-50'}",SUNION - Consultoría de RRHH y Formación,www.sunionconsultoria.com
"{'code': 'E', 'name': '201-500'}",MDS Global,http://www.mdscem.com
"{'code': 'G', 'name': '1001-5000'}","Grupo BN facility services, S.A.",http://www.grupobn.es
"{'code': 'C', 'name': '11-50'}",Redbility,www.redbility.com
"{'code': 'D', 'name': '51-200'}",BTL Network,www.btlnetwork.com
"{'code': 'I', 'name': '10001+'}",Publicis Worldwide,www.publicis.com
"{'code': 'E', 'name': '201-500'}",Flash Networks,http://www.flashnetworks.com
"{'code': 'G', 'name': '1001-5000'}",Telmex Chile,www.telmex.cl
"{'code': 'C', 'name': '11-50'}",Eletrostar Eletrica Comercial,www.eletrostarcomercial.com.br
"{'code': 'E', 'name': '201-500'}",LUCA: Data-Driven Decisions,www.luca-d3.com
"{'code': 'C', 'name': '11-50'}",VoiceWeb SA,www.voiceweb.eu
"{'code': 'B', 'name': '2-10'}",CAFÉ TAIPÁ - Consultores en Reputación y Marketing,www.cafetaipa.com
"{'code': 'C', 'name': '11-50'}",Movvo,http://www.movvo.com
"{'code': 'G', 'name': '1001-5000'}",Telecomunicación de Levante SL,http://www.teleco.es
"{'code': 'F', 'name': '501-1000'}",Maxcom Telecomunicaciones,www.maxcom.com
"{'code': 'G', 'name': '1001-5000'}",BK Consultoria e Serviços Ltda,http://www.bkoutsourcing.com.br
"{'code': 'D', 'name': '51-200'}","GABITEL INGENIEROS, S.L.",www.gabitelingenieros.com
"{'code': 'C', 'name': '11-50'}",ASOCIACIÓN ATAM,https://www.atam.es
"{'code': 'D', 'name': '51-200'}",Full On Net,http://www.full-on-net.com
"{'code': 'D', 'name': '51-200'}",Ecix Group,http://ecixgroup.com
"{'code': 'B', 'name': '2-10'}",Educared,http://www.educared.org/aulashospitalarias
"{'code': 'C', 'name': '11-50'}",Civiciti,www.civiciti.com
"{'code': 'C', 'name': '11-50'}",Brasscom - Associação Brasileira das Empresas de Tecnologia da Informação e Comunicação,www.brasscom.org.br
"{'code': 'D', 'name': '51-200'}",Ziggurat Escuela Corporativa de Idiomas,www.ziggurat.es
"{'code': 'C', 'name': '11-50'}",Dançar Marketing,https://www.dancarmarketing.com.br
"{'code': 'E', 'name': '201-500'}",Alfatec,www.alfatecsistemas.es
"{'code': 'D', 'name': '51-200'}",UruIT,http://www.uruit.com
"{'code': 'C', 'name': '11-50'}",Israel Mobile Association,http://www.imaworld.org/
"{'code': 'D', 'name': '51-200'}",Dental Trey Srl,www.dentaltrey.it
"{'code': 'D', 'name': '51-200'}",Juvo,http://www.juvo.com
"{'code': 'A', 'name': 'myself only'}",Comercio de Bairro,http://www.comerciodebairro.com/
"{'code': 'G', 'name': '1001-5000'}",Logictel,www.logictel.com.br
"{'code': 'D', 'name': '51-200'}",BAK & Southern Connections Ltd - O2 Telefónica Franchise,http://www.bakltd.co.uk/
"{'code': 'E', 'name': '201-500'}",Interone,https://interone.de
"{'code': 'E', 'name': '201-500'}",Corporacion IBGROUP,www.corporacionibgroup.pe
"{'code': 'E', 'name': '201-500'}",Tiaxa,www.tiaxa.com
"{'code': 'E', 'name': '201-500'}",CTIL ,www.ctil.co.uk
